Species,#Training samples,Regularized training gain,Unregularized training gain,Iterations,Training AUC,#Background points,bus_stop contribution,car_out_density contribution,cctv_car contribution,cctv_way_density contribution,crosswalk contribution,hospital_log contribution,intersection_fourway contribution,intersection_single contribution,intersection_threeway contribution,led_density contribution,market_kde_density_log_weighted contribution,senior_facility contribution,silverzone contribution,streetlight contribution,walklight contribution,bus_stop permutation importance,car_out_density permutation importance,cctv_car permutation importance,cctv_way_density permutation importance,crosswalk permutation importance,hospital_log permutation importance,intersection_fourway permutation importance,intersection_single permutation importance,intersection_threeway permutation importance,led_density permutation importance,market_kde_density_log_weighted permutation importance,senior_facility permutation importance,silverzone permutation importance,streetlight permutation importance,walklight permutation importance,Training gain without bus_stop,Training gain without car_out_density,Training gain without cctv_car,Training gain without cctv_way_density,Training gain without crosswalk,Training gain without hospital_log,Training gain without intersection_fourway,Training gain without intersection_single,Training gain without intersection_threeway,Training gain without led_density,Training gain without market_kde_density_log_weighted,Training gain without senior_facility,Training gain without silverzone,Training gain without streetlight,Training gain without walklight,Training gain with only bus_stop,Training gain with only car_out_density,Training gain with only cctv_car,Training gain with only cctv_way_density,Training gain with only crosswalk,Training gain with only hospital_log,Training gain with only intersection_fourway,Training gain with only intersection_single,Training gain with only intersection_threeway,Training gain with only led_density,Training gain with only market_kde_density_log_weighted,Training gain with only senior_facility,Training gain with only silverzone,Training gain with only streetlight,Training gain with only walklight,Entropy,Prevalence (average probability of presence over background sites),Fixed cumulative value 1 cumulative threshold,Fixed cumulative value 1 Cloglog threshold,Fixed cumulative value 1 area,Fixed cumulative value 1 training omission,Fixed cumulative value 5 cumulative threshold,Fixed cumulative value 5 Cloglog threshold,Fixed cumulative value 5 area,Fixed cumulative value 5 training omission,Fixed cumulative value 10 cumulative threshold,Fixed cumulative value 10 Cloglog threshold,Fixed cumulative value 10 area,Fixed cumulative value 10 training omission,Minimum training presence cumulative threshold,Minimum training presence Cloglog threshold,Minimum training presence area,Minimum training presence training omission,10 percentile training presence cumulative threshold,10 percentile training presence Cloglog threshold,10 percentile training presence area,10 percentile training presence training omission,Equal training sensitivity and specificity cumulative threshold,Equal training sensitivity and specificity Cloglog threshold,Equal training sensitivity and specificity area,Equal training sensitivity and specificity training omission,Maximum training sensitivity plus specificity cumulative threshold,Maximum training sensitivity plus specificity Cloglog threshold,Maximum training sensitivity plus specificity area,Maximum training sensitivity plus specificity training omission,"Balance training omission, predicted area and threshold value cumulative threshold","Balance training omission, predicted area and threshold value Cloglog threshold","Balance training omission, predicted area and threshold value area","Balance training omission, predicted area and threshold value training omission",Equate entropy of thresholded and original distributions cumulative threshold,Equate entropy of thresholded and original distributions Cloglog threshold,Equate entropy of thresholded and original distributions area,Equate entropy of thresholded and original distributions training omission
accident_0,55,0.6844,0.9939,200,0.8680,400,0.2071,0.0000,0.6143,0.1600,2.4322,19.0223,0.0000,0.7012,0.0000,0.0338,12.6849,17.4175,12.6215,10.3825,23.7226,3.0438,0.0000,1.0673,0.3360,4.3977,9.1511,0.0000,7.4612,0.0000,0.1087,15.6834,12.3629,5.3563,10.7817,30.2500,0.6803,0.6844,0.6824,0.6843,0.6644,0.6532,0.6844,0.6751,0.6844,0.6842,0.6003,0.6278,0.6564,0.6257,0.6387,0.1472,0.0188,0.0447,0.0438,0.0058,0.2602,0.0138,0.0787,0.0164,0.0267,0.2028,0.2608,0.1635,0.0633,0.2533,5.3073,0.2980,1.0000,0.0993,0.8975,0.0000,5.0000,0.1408,0.7450,0.0000,10.0000,0.1620,0.5900,0.0000,11.4875,0.1712,0.5500,0.0000,22.4760,0.3141,0.3325,0.0727,36.7359,0.4955,0.1975,0.2000,36.7359,0.4955,0.1975,0.1818,11.4875,0.1712,0.5500,0.0000,13.3587,0.1882,0.5025,0.0364
accident_1,55,0.7099,0.9234,160,0.8596,400,0.0000,17.0301,0.0000,0.0018,2.8148,8.6054,9.5822,0.0901,4.5576,0.0000,7.7698,2.5862,2.9767,9.9728,34.0125,0.0000,4.8867,0.0000,0.0000,11.0137,7.8243,9.2418,1.4455,6.6306,0.0000,13.9886,5.5022,3.2920,10.2676,25.9069,0.7099,0.6865,0.7099,0.7098,0.6935,0.6993,0.6695,0.7090,0.6914,0.7099,0.6611,0.6909,0.6955,0.6631,0.6684,0.1382,0.2600,0.0216,0.0195,0.0755,0.3928,0.2473,0.1107,0.0121,0.0753,0.1276,0.1106,0.0696,0.0633,0.3137,5.2815,0.2880,1.0000,0.1230,0.8975,0.0000,5.0000,0.1450,0.7675,0.0000,10.0000,0.1618,0.6200,0.0000,14.8089,0.1776,0.4950,0.0000,18.6015,0.2061,0.4050,0.0909,29.8270,0.3896,0.2375,0.2182,29.5760,0.3894,0.2400,0.2000,14.8089,0.1776,0.4950,0.0000,15.0081,0.1781,0.4900,0.0364
accident_2,55,0.4539,0.6981,280,0.8084,400,1.2985,0.3509,0.8054,0.0751,7.1745,3.7581,0.0000,8.7169,3.5015,0.2709,64.6383,0.0361,6.7170,2.4767,0.1802,3.8871,0.8490,0.1249,0.9655,18.8946,2.1891,0.0000,7.8409,0.9572,0.0000,58.0323,0.0000,5.1856,1.0737,0.0000,0.4466,0.4536,0.4494,0.4533,0.4342,0.4473,0.4539,0.4295,0.4384,0.4513,0.2263,0.4538,0.4278,0.4375,0.4522,0.0279,0.0447,0.0322,0.0182,0.0768,0.1309,0.0198,0.0710,0.0049,0.0601,0.2796,0.0033,0.0450,0.0129,0.0364,5.5376,0.3822,1.0000,0.1415,0.9400,0.0000,5.0000,0.1552,0.7775,0.0182,10.0000,0.2235,0.6225,0.0364,3.2809,0.1442,0.8450,0.0000,20.1472,0.3692,0.4300,0.0909,34.9762,0.5699,0.2800,0.2727,31.5967,0.5171,0.3075,0.1818,3.2809,0.1442,0.8450,0.0000,9.5791,0.2170,0.6350,0.0364
accident_3,55,0.6244,0.8376,160,0.8403,400,3.0918,0.0000,6.5227,0.0000,0.6404,49.5122,1.1498,0.7185,0.0000,0.6569,30.1394,0.4370,4.6637,2.3424,0.1250,7.3153,0.0000,10.7852,0.0000,0.5634,37.8644,0.0000,2.1821,0.0000,0.1520,38.6603,1.2341,0.5455,0.0000,0.6975,0.6010,0.6244,0.5927,0.6244,0.6238,0.4988,0.6244,0.6207,0.6244,0.6242,0.4728,0.6228,0.6028,0.6090,0.6230,0.0570,0.0829,0.1119,0.0950,0.0621,0.3783,0.0854,0.0718,0.0020,0.0627,0.2385,0.0689,0.0696,0.0216,0.1500,5.3668,0.3152,1.0000,0.1090,0.9275,0.0000,5.0000,0.1284,0.7675,0.0000,10.0000,0.1762,0.6000,0.0000,11.1783,0.1932,0.5675,0.0000,20.0771,0.2936,0.3950,0.0909,29.5644,0.3927,0.2725,0.2727,24.6506,0.3439,0.3275,0.1455,11.1783,0.1932,0.5675,0.0000,12.6266,0.2053,0.5350,0.0364
accident_4,55,0.4690,0.6387,260,0.7973,400,0.3580,18.2510,0.3836,0.8150,0.5245,25.6045,0.5765,2.3818,0.2542,1.2910,22.1092,5.6537,0.0000,6.2748,15.5221,3.0280,7.1240,5.5283,1.1811,1.8344,15.5673,3.8196,1.9349,0.0000,2.8270,35.7331,6.0560,0.0000,7.8653,7.5009,0.4670,0.4534,0.4652,0.4639,0.4663,0.4360,0.4653,0.4573,0.4690,0.4628,0.3907,0.4565,0.4690,0.4421,0.4637,0.1169,0.1723,0.0322,0.0101,0.0406,0.2816,0.0596,0.1021,0.0000,0.0052,0.1615,0.0881,0.0093,0.0380,0.1509,5.5223,0.3730,1.0000,0.1485,0.9275,0.0000,5.0000,0.1736,0.7925,0.0000,10.0000,0.2244,0.6475,0.0000,10.9737,0.2386,0.6250,0.0000,15.7918,0.2944,0.5275,0.0727,32.8536,0.4336,0.2950,0.2909,15.1006,0.2882,0.5400,0.0364,9.7349,0.2207,0.6550,0.0000,10.9737,0.2386,0.6250,0.0000
accident_5,55,0.4092,0.6162,240,0.8124,400,1.1728,0.0000,0.4795,0.4799,4.1383,23.9047,4.1900,0.2462,5.8163,0.2181,31.9231,0.9286,1.4970,6.3375,18.6679,5.3574,0.0000,5.3359,1.5184,1.8550,7.4989,0.0000,2.1487,0.0000,0.0000,33.5697,1.7548,1.3322,0.8237,38.8053,0.4005,0.4092,0.4043,0.4049,0.4026,0.3877,0.4092,0.4073,0.3906,0.4076,0.3011,0.4062,0.4062,0.3894,0.3872,0.0821,0.0562,0.0216,0.0031,0.0657,0.1827,0.1148,0.0186,0.0049,0.0490,0.1829,0.0496,0.0246,0.0216,0.1470,5.5819,0.4026,1.0000,0.0751,0.8925,0.0000,5.0000,0.2887,0.7500,0.0182,10.0000,0.3332,0.6625,0.0545,4.5258,0.2752,0.7575,0.0000,22.5298,0.3777,0.4725,0.0727,41.3110,0.5027,0.2550,0.2545,34.9425,0.4589,0.3200,0.1455,3.5090,0.2324,0.7825,0.0000,10.1018,0.3332,0.6625,0.0545
accident_6,55,0.4487,0.6351,180,0.8210,400,1.6148,4.2486,0.3456,2.9681,3.7419,21.2181,7.1832,0.0000,0.3010,0.0000,19.3836,29.6655,8.0025,0.7960,0.5311,2.8557,0.8254,3.1281,2.9135,4.5477,26.1390,13.8247,0.0000,0.4127,0.0000,13.0571,23.7124,7.7831,0.4292,0.3714,0.4396,0.4478,0.4456,0.4300,0.4359,0.4029,0.4244,0.4487,0.4485,0.4487,0.3901,0.3764,0.4331,0.4450,0.4480,0.0520,0.0844,0.0063,0.0000,0.0097,0.1798,0.0872,0.0224,0.0000,0.0184,0.1442,0.1897,0.0696,0.0071,0.0929,5.5423,0.3822,1.0000,0.1747,0.9550,0.0000,5.0000,0.2233,0.8350,0.0364,10.0000,0.2589,0.7250,0.0364,1.9409,0.1764,0.9250,0.0000,31.2083,0.3719,0.3400,0.0909,39.2473,0.4670,0.2425,0.2182,30.8450,0.3680,0.3425,0.0727,1.9409,0.1764,0.9250,0.0000,14.1726,0.2667,0.6375,0.0364
accident_7,55,0.4936,0.6810,240,0.8155,400,14.0501,0.6881,21.8502,0.9583,0.0000,4.4620,1.1484,1.1466,0.0912,9.6252,21.7234,7.8421,4.5156,8.3750,3.5239,5.0984,0.9876,27.1698,2.4488,0.0000,5.2188,0.9635,6.4392,0.0000,19.6307,11.1521,7.4589,6.5998,3.0189,3.8137,0.4907,0.4924,0.4140,0.4887,0.4936,0.4870,0.4921,0.4870,0.4932,0.4343,0.3973,0.4758,0.4825,0.4521,0.4932,0.1294,0.0559,0.1327,0.0348,0.0475,0.1431,0.0596,0.0518,0.0002,0.0034,0.1347,0.1268,0.0450,0.0380,0.1263,5.4982,0.3629,1.0000,0.1584,0.9275,0.0182,5.0000,0.2097,0.8075,0.0182,10.0000,0.2303,0.6875,0.0182,0.9536,0.1571,0.9300,0.0000,24.0620,0.3143,0.4125,0.0909,33.6063,0.3996,0.2800,0.2909,26.1345,0.3304,0.3800,0.1091,0.9536,0.1571,0.9300,0.0000,13.4779,0.2474,0.6100,0.0364
accident_8,55,0.5443,0.7850,180,0.8460,400,8.9862,0.0363,2.9047,0.4349,1.1596,25.1514,0.0000,1.2023,5.0476,1.2395,20.2711,2.6536,8.7252,2.6344,19.5532,3.2782,0.1519,16.2126,2.0456,0.0536,21.7418,0.0000,6.5833,5.2791,0.0000,13.0326,0.9558,3.3497,0.6699,26.6458,0.5364,0.5440,0.5211,0.5395,0.5409,0.4948,0.5443,0.5345,0.5257,0.5376,0.4466,0.5420,0.5187,0.5285,0.5247,0.1929,0.0671,0.0750,0.0189,0.0132,0.2667,0.0402,0.0720,0.0011,0.0052,0.1906,0.0857,0.0979,0.0216,0.1978,5.4466,0.3422,1.0000,0.1511,0.9400,0.0000,5.0000,0.1708,0.8125,0.0000,10.0000,0.1931,0.6650,0.0000,14.1270,0.2222,0.5625,0.0000,26.1218,0.3296,0.3450,0.0909,33.6454,0.4345,0.2525,0.2545,26.1218,0.3296,0.3450,0.0909,12.3610,0.2054,0.6050,0.0000,13.4852,0.2149,0.5775,0.0000
accident_9,55,0.5268,0.7231,180,0.8112,400,0.0997,0.0000,0.0823,0.4700,2.8996,0.0020,15.4009,0.0205,0.2231,0.0004,15.9579,12.8514,42.2164,1.5016,8.2743,3.0453,0.0000,0.5864,0.0000,5.1646,0.2675,10.5556,0.0000,0.0000,0.0103,20.9259,20.2984,28.0041,0.0000,11.1420,0.5261,0.5268,0.5264,0.5242,0.5080,0.5268,0.4867,0.5267,0.5253,0.5268,0.4733,0.4875,0.4078,0.5203,0.5158,0.0777,0.0405,0.0063,0.0000,0.0227,0.0608,0.1210,0.0205,0.0002,0.0184,0.1647,0.1718,0.2394,0.0066,0.1377,5.4643,0.3561,1.0000,0.1541,0.9500,0.0000,5.0000,0.2182,0.8325,0.0364,10.0000,0.2479,0.7250,0.0545,3.2098,0.1850,0.8800,0.0000,22.0642,0.2842,0.4925,0.0909,36.8201,0.4003,0.2725,0.2727,35.5481,0.3834,0.2900,0.2000,3.2098,0.1850,0.8800,0.0000,16.7731,0.2645,0.5900,0.0727
accident_10,55,0.5447,0.7486,220,0.8339,400,0.0001,0.0000,3.0615,0.0026,0.0623,24.0766,0.3934,1.0705,0.1044,6.7270,40.3668,2.2442,5.8657,6.0703,9.9547,0.0431,0.0000,0.7491,0.0000,0.0000,5.4417,0.0000,4.5548,0.1464,1.1193,59.7124,7.6976,2.6950,2.0665,15.7741,0.5447,0.5447,0.5361,0.5447,0.5438,0.5303,0.5447,0.5372,0.5442,0.5342,0.3926,0.5338,0.5297,0.5095,0.5251,0.1151,0.0421,0.0750,0.0441,0.0543,0.2436,0.1001,0.0586,0.0002,0.1235,0.2742,0.0861,0.0696,0.0367,0.2003,5.4470,0.3463,1.0000,0.0800,0.9075,0.0000,5.0000,0.1561,0.6900,0.0000,10.0000,0.2662,0.5725,0.0000,11.1899,0.2763,0.5525,0.0000,24.4644,0.4000,0.3575,0.0909,33.1209,0.4732,0.2725,0.2727,23.3731,0.3956,0.3725,0.0545,6.6909,0.2062,0.6425,0.0000,9.6993,0.2655,0.5800,0.0000
accident_11,55,0.4911,0.7686,260,0.8346,400,3.8171,19.6615,13.4229,0.0000,0.2533,4.4146,0.0555,3.9200,0.0684,3.5038,38.4666,9.3600,1.1495,1.9067,0.0000,9.4346,7.5051,10.6831,0.0000,0.6739,1.3904,0.0000,8.9664,0.0000,5.9516,40.8810,13.2581,1.2556,0.0000,0.0000,0.4731,0.4641,0.4545,0.4911,0.4907,0.4813,0.4907,0.4714,0.4910,0.4712,0.3434,0.4640,0.4870,0.4817,0.4911,0.0661,0.1461,0.1119,0.0700,0.0049,0.1649,0.0128,0.0513,0.0000,0.0001,0.2189,0.0957,0.0246,0.0121,0.0323,5.5005,0.3654,1.0000,0.1073,0.9400,0.0000,5.0000,0.1712,0.7675,0.0000,10.0000,0.2339,0.6325,0.0000,18.6985,0.3189,0.4625,0.0000,25.5632,0.3856,0.3650,0.0909,35.4734,0.5142,0.2650,0.2727,34.5894,0.5131,0.2700,0.1636,8.3268,0.2165,0.6750,0.0000,11.0773,0.2412,0.6100,0.0000
accident_12,55,0.3576,0.5389,180,0.8020,400,29.0141,0.7320,0.0000,0.0000,3.4304,9.6692,0.2975,0.0000,5.6336,0.0000,34.2149,4.7483,6.2938,4.2034,1.7628,21.3241,0.6324,0.0000,0.0000,2.5099,12.2332,0.4348,0.0000,9.9605,0.0000,30.2668,10.8004,10.5336,0.0000,1.3043,0.3287,0.3543,0.3576,0.3576,0.3514,0.3445,0.3573,0.3576,0.3394,0.3576,0.2582,0.3484,0.3452,0.3439,0.3546,0.1271,0.0066,0.0063,0.0033,0.0184,0.1242,0.0386,0.0222,0.0049,0.0206,0.1773,0.0741,0.0450,0.0216,0.0600,5.6339,0.4244,1.0000,0.1328,0.9350,0.0000,5.0000,0.2639,0.8075,0.0182,10.0000,0.2977,0.7025,0.0182,2.5673,0.1921,0.8700,0.0000,27.8193,0.4084,0.4175,0.0727,38.9040,0.4962,0.2925,0.2727,26.7019,0.4039,0.4350,0.0364,2.5673,0.1921,0.8700,0.0000,10.3368,0.2992,0.6975,0.0182
accident_13,55,0.2971,0.4093,220,0.7513,400,0.0000,20.2916,1.1523,0.9998,0.0000,21.5064,0.0000,0.1522,0.4794,1.7997,7.1393,21.3806,0.4759,5.6780,18.9448,0.0000,10.5635,12.8468,5.2042,0.0000,7.0739,0.0000,2.8606,6.2209,7.2635,15.0698,16.7413,0.0000,1.8180,14.3374,0.2971,0.2772,0.2908,0.2905,0.2971,0.2890,0.2971,0.2965,0.2956,0.2924,0.2804,0.2756,0.2971,0.2749,0.2871,0.0905,0.1360,0.0216,0.0014,0.0742,0.1537,0.0478,0.0511,0.0020,0.0001,0.0442,0.0957,0.0093,0.0216,0.1379,5.6941,0.4571,1.0000,0.1970,0.9525,0.0000,5.0000,0.3278,0.8500,0.0182,10.0000,0.3741,0.7650,0.0545,4.1915,0.2947,0.8675,0.0000,27.8268,0.4043,0.4950,0.0727,40.6387,0.4676,0.3275,0.3273,27.8268,0.4043,0.4950,0.0727,2.7850,0.2567,0.9000,0.0000,11.5397,0.3749,0.7425,0.0545
accident_14,55,0.5536,0.7643,240,0.8297,400,1.1141,3.9482,14.8626,3.6459,0.0000,45.7143,0.1103,0.6930,0.0000,0.0000,18.8240,0.0000,9.5060,0.0000,1.5816,2.4034,2.3566,21.2329,7.0308,0.0000,33.9992,0.0000,5.3141,0.0000,0.0000,20.7023,0.0000,6.4144,0.0000,0.5462,0.5437,0.5516,0.4588,0.5185,0.5536,0.4738,0.5529,0.5448,0.5536,0.5536,0.4586,0.5536,0.5271,0.5536,0.5531,0.0715,0.1478,0.1549,0.0185,0.0647,0.3177,0.0724,0.0723,0.0054,0.0371,0.1888,0.0361,0.0979,0.0015,0.1274,5.4377,0.3396,1.0000,0.1113,0.9475,0.0000,5.0000,0.1515,0.7800,0.0000,10.0000,0.2040,0.6300,0.0364,5.4499,0.1533,0.7625,0.0000,20.3777,0.2825,0.4075,0.0909,31.1303,0.4301,0.2650,0.2727,30.1659,0.4169,0.2725,0.2000,5.4499,0.1533,0.7625,0.0000,12.4545,0.2194,0.5725,0.0364
accident_15,55,0.4430,0.6077,240,0.7924,400,26.7330,0.8079,14.9943,0.1654,7.1200,0.0000,7.8848,6.3187,3.4216,2.0576,11.8340,3.2068,1.8321,10.0408,3.5831,2.3590,0.5072,25.0649,0.4010,5.2843,0.0000,1.6159,18.2708,0.0000,1.9816,27.5183,4.2699,5.2607,7.4664,0.0000,0.4402,0.4403,0.4054,0.4420,0.4349,0.4430,0.4319,0.4113,0.4321,0.4329,0.3921,0.4384,0.4373,0.3946,0.4430,0.1659,0.0729,0.1119,0.0729,0.1459,0.1446,0.1148,0.1416,0.0011,0.0058,0.0970,0.0692,0.0246,0.0380,0.1810,5.5480,0.3868,1.0000,0.1000,0.9125,0.0000,5.0000,0.2552,0.7900,0.0182,10.0000,0.2661,0.6825,0.0727,3.4302,0.2312,0.8250,0.0000,22.5346,0.3283,0.4525,0.0909,35.4792,0.4498,0.2825,0.2909,35.2465,0.4498,0.2850,0.2182,3.0248,0.2195,0.8350,0.0000,12.1341,0.2756,0.6400,0.0727
accident_16,55,0.6465,0.7987,180,0.8478,400,0.0000,0.0000,0.1587,0.0674,0.0012,13.3746,1.6897,2.2283,5.0347,0.0309,13.8947,3.8172,2.9257,4.1882,52.5888,0.0000,0.0000,0.3955,0.8535,0.0000,0.7078,1.4781,7.9734,4.6112,0.0000,25.2836,8.5875,3.3934,3.9554,42.7605,0.6465,0.6465,0.6452,0.6463,0.6465,0.6370,0.6434,0.6356,0.6301,0.6463,0.5632,0.6186,0.6410,0.6254,0.6042,0.2436,0.0843,0.0447,0.0438,0.1277,0.3111,0.1508,0.2106,0.0011,0.0896,0.1912,0.1395,0.0696,0.0203,0.3849,5.3448,0.3068,1.0000,0.1125,0.9350,0.0000,5.0000,0.1164,0.7625,0.0000,10.0000,0.1471,0.5725,0.0000,11.1973,0.1591,0.5350,0.0000,15.6159,0.2072,0.4200,0.0727,27.4866,0.4456,0.2550,0.2545,23.0791,0.3643,0.3000,0.1636,11.1973,0.1591,0.5350,0.0000,11.6164,0.1624,0.5225,0.0545
accident_17,55,0.7533,1.0073,320,0.8541,400,1.0947,0.0000,6.3682,0.0000,0.0000,50.8346,0.1468,12.4599,2.4219,0.0000,10.5178,0.1054,0.0000,1.0939,14.9566,8.0855,0.0000,6.9124,0.0000,0.0000,29.3779,4.0637,8.7243,1.9481,0.0000,14.1077,0.0000,0.0000,0.1257,26.6548,0.7385,0.7534,0.7133,0.7534,0.7534,0.6643,0.7495,0.7084,0.7387,0.7534,0.6462,0.7526,0.7534,0.7469,0.7299,0.1828,0.1383,0.1549,0.1097,0.2159,0.4754,0.0596,0.3242,0.0049,0.0601,0.1476,0.0234,0.0093,0.0071,0.3568,5.2387,0.2742,1.0000,0.0952,0.9450,0.0000,5.0000,0.1185,0.7775,0.0182,10.0000,0.1384,0.6050,0.0182,3.1266,0.1118,0.8500,0.0000,14.3851,0.1687,0.4775,0.0727,30.7095,0.4142,0.2175,0.2182,29.0736,0.3909,0.2325,0.1455,11.0638,0.1441,0.5700,0.0182,14.7872,0.1745,0.4700,0.1091
accident_18,55,0.5827,0.8063,240,0.8233,400,25.1430,0.9497,4.4290,0.0000,0.1954,8.1354,1.2453,14.7287,1.0757,0.1571,14.2305,0.1679,1.6733,13.6883,14.1807,12.1751,0.6685,9.5951,0.0000,3.0320,6.7137,5.0753,26.6949,0.0000,0.0282,22.8625,0.0000,2.7024,10.4520,0.0000,0.5273,0.5818,0.5667,0.5827,0.5809,0.5692,0.5689,0.4937,0.5826,0.5819,0.4978,0.5820,0.5777,0.5088,0.5827,0.2117,0.0844,0.0927,0.0808,0.0629,0.2410,0.0604,0.2179,0.0000,0.0500,0.1542,0.0081,0.0450,0.0633,0.1858,5.4088,0.3304,1.0000,0.1551,0.9075,0.0000,5.0000,0.1693,0.7825,0.0000,10.0000,0.1953,0.6400,0.0182,6.3948,0.1720,0.7425,0.0000,16.8219,0.2413,0.4825,0.0727,31.1395,0.3959,0.2725,0.2727,32.2934,0.4061,0.2600,0.2727,6.3948,0.1720,0.7425,0.0000,13.4789,0.2138,0.5575,0.0182
accident_19,55,0.6648,0.7953,140,0.8223,400,0.2516,0.0252,1.5319,4.7134,0.0000,26.8420,11.4533,0.0927,1.2184,0.0000,38.5093,8.7105,6.0253,0.6264,0.0000,1.9070,0.0000,14.5605,4.4688,0.0000,32.4194,5.9748,0.0000,3.4785,0.0000,31.1180,4.5261,0.6711,0.8758,0.0000,0.6637,0.6644,0.6442,0.6282,0.6648,0.5886,0.6446,0.6641,0.6578,0.6648,0.4893,0.6319,0.6451,0.6606,0.6648,0.0733,0.1066,0.0129,0.0000,0.0781,0.2794,0.1870,0.0296,0.0011,0.0490,0.2989,0.1570,0.0979,0.0071,0.1461,5.3266,0.3042,1.0000,0.1284,0.9425,0.0182,5.0000,0.1600,0.8150,0.0182,10.0000,0.1708,0.6700,0.0364,0.6039,0.1013,0.9575,0.0000,19.6309,0.2318,0.4475,0.0909,30.8923,0.3306,0.2725,0.2727,38.3713,0.4443,0.1875,0.3273,0.6039,0.1013,0.9575,0.0000,16.4815,0.2057,0.5125,0.0364
accident_20,55,0.4504,0.6259,300,0.8054,400,11.0760,0.5362,0.3294,0.0574,0.0738,32.4418,0.0000,4.3031,4.2350,0.1773,26.3697,5.5753,1.2033,3.9893,9.6325,2.6064,0.0000,2.1093,0.0000,0.1455,10.3528,0.0000,3.2852,6.1341,1.6972,49.7151,9.5527,3.1155,3.8550,7.4312,0.4494,0.4482,0.4473,0.4502,0.4501,0.4238,0.4504,0.4318,0.4368,0.4494,0.3641,0.4392,0.4481,0.4351,0.4297,0.1591,0.0311,0.0447,0.0267,0.0731,0.2579,0.0724,0.1370,0.0049,0.0184,0.1711,0.0955,0.0246,0.0216,0.1752,5.5410,0.3839,1.0000,0.0881,0.9225,0.0000,5.0000,0.1890,0.7300,0.0000,10.0000,0.3348,0.6250,0.0182,8.7181,0.3060,0.6450,0.0000,19.8580,0.3633,0.4800,0.0909,37.2334,0.4631,0.2725,0.2727,29.6469,0.4231,0.3550,0.1818,6.0148,0.2202,0.7025,0.0000,9.4776,0.3304,0.6350,0.0182
accident_21,55,0.5347,0.8073,180,0.8409,400,0.2817,21.7345,0.0861,1.4950,0.0500,7.2097,0.0000,3.2896,3.6493,2.0479,33.3564,10.7485,7.8333,1.2757,6.9421,2.0044,12.3369,2.7502,1.5149,0.0000,0.2641,0.0000,11.5289,3.1619,5.9509,27.1053,13.5410,0.0000,2.8045,17.0370,0.5343,0.4954,0.5336,0.5252,0.5346,0.5313,0.5347,0.5150,0.5176,0.5167,0.3986,0.5001,0.5159,0.5261,0.5162,0.0435,0.1720,0.0020,0.0000,0.0163,0.1594,0.0289,0.0172,0.0011,0.0638,0.2403,0.1201,0.0979,0.0121,0.1104,5.4564,0.3490,1.0000,0.1347,0.9450,0.0000,5.0000,0.2003,0.8200,0.0000,10.0000,0.2140,0.6950,0.0182,7.2795,0.2075,0.7625,0.0000,27.4189,0.3452,0.3625,0.0545,34.7162,0.4062,0.2725,0.2727,27.4189,0.3452,0.3625,0.0545,7.2795,0.2075,0.7625,0.0000,14.7783,0.2367,0.5850,0.0182
accident_22,55,0.5020,0.7971,240,0.8456,400,21.9817,1.3990,2.4503,0.9595,0.6956,0.0483,0.0550,12.1488,2.0256,0.3128,4.3367,0.5017,0.2054,18.8003,34.0791,9.7471,3.4045,15.6314,3.4700,0.6465,0.3274,0.0409,15.3204,1.8578,0.0000,2.3815,4.5830,0.0900,13.3317,29.1677,0.4716,0.4912,0.4791,0.4928,0.5018,0.5018,0.5020,0.4390,0.4969,0.4990,0.4859,0.4991,0.5006,0.4165,0.4832,0.2238,0.0729,0.0750,0.0300,0.0395,0.1315,0.0080,0.2384,0.0011,0.0500,0.0696,0.0451,0.0009,0.0633,0.2243,5.4895,0.3611,1.0000,0.1574,0.9100,0.0000,5.0000,0.2203,0.7875,0.0000,10.0000,0.2260,0.6675,0.0000,17.8795,0.2539,0.4925,0.0000,26.4058,0.3580,0.3450,0.0909,31.2478,0.4292,0.2875,0.2909,25.8646,0.3449,0.3525,0.0727,4.5135,0.2129,0.8000,0.0000,12.7117,0.2338,0.6050,0.0000
accident_23,55,0.6208,0.8207,180,0.8482,400,0.2123,28.6011,4.8651,8.8684,0.0000,22.8877,0.0258,0.5072,0.6444,0.6497,10.9340,13.2795,3.9298,1.4380,3.1568,0.4286,4.4046,16.2139,16.1216,0.0000,24.7330,1.0022,1.2726,1.4111,0.4286,16.7282,7.3520,4.1079,0.4418,5.3541,0.6177,0.6076,0.5539,0.5464,0.6208,0.5639,0.6205,0.6185,0.6180,0.6174,0.5584,0.6022,0.6150,0.6091,0.6158,0.1138,0.2503,0.0590,0.0000,0.1039,0.3524,0.0604,0.1184,0.0011,0.0052,0.1372,0.1602,0.0696,0.0129,0.1945,5.3702,0.3158,1.0000,0.1024,0.9325,0.0000,5.0000,0.1842,0.7825,0.0000,10.0000,0.1947,0.6550,0.0000,11.6738,0.2021,0.6150,0.0000,26.0820,0.2946,0.3325,0.0909,32.0469,0.3735,0.2525,0.2545,26.0820,0.2946,0.3325,0.0909,9.3239,0.1932,0.6725,0.0000,15.1833,0.2193,0.5350,0.0364
accident_24,55,0.7718,1.1075,220,0.8602,400,1.1855,5.7670,7.9195,0.6081,7.7619,0.0856,0.0270,2.7309,0.0443,1.9940,49.7365,0.0000,12.4759,2.1002,7.5635,1.2932,5.6326,11.6172,4.5765,9.2751,0.5460,0.4167,6.8252,0.0144,1.0489,43.5663,0.0000,2.8594,2.8738,9.4547,0.7599,0.7401,0.7181,0.7651,0.7300,0.7711,0.7715,0.7448,0.7717,0.7592,0.4680,0.7718,0.7198,0.7481,0.7514,0.0677,0.1041,0.0927,0.0435,0.0072,0.0694,0.0008,0.0651,0.0000,0.0745,0.3988,0.0203,0.1293,0.0203,0.1499,5.2192,0.2675,1.0000,0.0520,0.8775,0.0000,5.0000,0.1304,0.6800,0.0182,10.0000,0.1684,0.5325,0.0364,2.5873,0.0910,0.7725,0.0000,14.8718,0.2067,0.4250,0.0545,25.3115,0.3367,0.2650,0.2727,47.8119,0.6182,0.1050,0.3455,2.5873,0.0910,0.7725,0.0000,13.2007,0.1891,0.4600,0.0545
accident_25,55,0.7071,0.9777,200,0.8648,400,0.0506,10.2109,14.4071,1.1987,0.0279,14.1124,1.0874,2.0380,0.2507,0.2824,31.3584,2.1508,0.0001,2.0156,20.8090,1.0133,3.0497,22.7644,5.8928,0.1279,11.2445,3.7973,10.5657,2.5775,0.5607,27.5947,4.0826,0.0394,2.0462,4.6434,0.7067,0.7027,0.6340,0.6942,0.7068,0.6676,0.6963,0.6685,0.7032,0.7058,0.5492,0.6977,0.7071,0.6922,0.7036,0.2096,0.1950,0.2038,0.0890,0.1375,0.3693,0.1345,0.1537,0.0164,0.0259,0.2835,0.0984,0.0093,0.0138,0.2683,5.2843,0.2873,1.0000,0.0688,0.9175,0.0000,5.0000,0.1089,0.6775,0.0000,10.0000,0.1839,0.5125,0.0000,14.0876,0.2335,0.4300,0.0000,17.8991,0.2707,0.3675,0.0909,28.1830,0.4121,0.2375,0.2364,14.0876,0.2335,0.4300,0.0000,9.9940,0.1782,0.5150,0.0000,11.0094,0.2121,0.4925,0.0000
accident_26,55,0.4704,0.6407,140,0.7936,400,0.5186,0.0000,0.0000,0.0006,0.1301,25.3110,33.7037,1.7437,4.4896,9.3588,5.7462,0.6940,0.0000,5.6419,12.6618,8.0389,0.0000,0.0000,0.0000,1.1727,7.2365,17.9756,5.3850,8.0697,6.8508,17.0190,6.8971,0.0000,0.0000,21.3547,0.4676,0.4705,0.4705,0.4704,0.4694,0.4603,0.4435,0.4631,0.4531,0.4519,0.4477,0.4670,0.4705,0.4448,0.4678,0.1325,0.0772,0.0216,0.0515,0.1633,0.2402,0.2656,0.0949,0.0121,0.1803,0.0788,0.0453,0.0009,0.0216,0.2494,5.5212,0.3760,1.0000,0.1059,0.9300,0.0000,5.0000,0.2241,0.7825,0.0545,10.0000,0.2920,0.6850,0.0727,2.3951,0.1406,0.8625,0.0000,22.8213,0.3038,0.4550,0.0909,32.8872,0.4173,0.3100,0.3091,27.9463,0.3428,0.3700,0.1273,2.3951,0.1406,0.8625,0.0000,13.4941,0.2939,0.6225,0.0727
accident_27,55,0.5690,0.7869,180,0.8358,400,0.4428,0.0000,0.0428,0.6631,3.7868,27.2020,6.7291,3.4488,1.8156,1.8934,26.6536,21.0519,0.6371,5.6330,0.0000,3.0491,0.0000,1.5016,0.1992,11.4840,11.4073,6.7647,17.8503,0.0000,1.6625,24.1247,17.9652,0.1456,3.8459,0.0000,0.5649,0.5690,0.5687,0.5652,0.5477,0.5320,0.5348,0.5411,0.5662,0.5651,0.4637,0.4942,0.5690,0.5404,0.5690,0.0776,0.0843,0.0129,0.0058,0.0194,0.2559,0.1179,0.0938,0.0049,0.0753,0.1920,0.1961,0.0246,0.0380,0.1085,5.4219,0.3361,1.0000,0.1178,0.9150,0.0000,5.0000,0.1761,0.7900,0.0000,10.0000,0.1976,0.6500,0.0182,6.5527,0.1789,0.7425,0.0000,21.8164,0.3029,0.4125,0.0727,35.2970,0.4388,0.2450,0.2545,35.0418,0.4381,0.2450,0.2182,6.5527,0.1789,0.7425,0.0000,13.6192,0.2282,0.5650,0.0545
accident_28,55,0.6614,0.9060,160,0.8380,400,1.3515,7.9575,0.7679,0.7892,8.7145,34.5614,0.0000,0.0000,0.0179,0.2098,33.7041,10.0614,0.0000,1.2787,0.5860,2.2939,2.4428,5.2804,1.2512,4.0962,35.3318,0.0000,0.0000,0.3351,0.7001,33.8646,10.7619,0.0000,0.0000,3.6419,0.6502,0.6568,0.6515,0.6522,0.6366,0.5385,0.6614,0.6614,0.6612,0.6608,0.5135,0.6382,0.6614,0.6505,0.6583,0.0357,0.1775,0.0447,0.0233,0.0169,0.3307,0.0128,0.0273,0.0011,0.0366,0.2618,0.1274,0.0093,0.0229,0.1160,5.3300,0.3045,1.0000,0.1050,0.9225,0.0000,5.0000,0.1481,0.7625,0.0000,10.0000,0.1755,0.6125,0.0364,7.8798,0.1583,0.6750,0.0000,21.3707,0.2827,0.3750,0.0909,29.6504,0.3859,0.2725,0.2727,21.3707,0.2827,0.3750,0.0909,7.8798,0.1583,0.6750,0.0000,14.0383,0.2074,0.5150,0.0545
accident_29,55,0.5721,0.8055,200,0.8425,400,3.9838,0.0000,1.3770,0.0358,1.0560,9.7128,6.8669,1.6678,0.0000,0.0000,3.8746,0.8093,33.6482,12.2768,24.6910,12.8776,0.0000,0.9137,1.1609,1.4834,3.3753,13.7268,6.8688,0.0000,0.0000,10.5665,5.7938,18.6606,15.6616,8.9111,0.5435,0.5721,0.5630,0.5719,0.5642,0.5652,0.5499,0.5593,0.5721,0.5721,0.5597,0.5650,0.4698,0.5165,0.5587,0.1644,0.0672,0.0590,0.0192,0.0405,0.2087,0.1001,0.1174,0.0020,0.0177,0.0811,0.1160,0.2394,0.0633,0.2094,5.4193,0.3382,1.0000,0.1445,0.9125,0.0000,5.0000,0.2078,0.7925,0.0182,10.0000,0.2199,0.6750,0.0182,4.6890,0.2030,0.8025,0.0000,23.7297,0.3060,0.4150,0.0545,35.3897,0.4208,0.2575,0.2727,23.7297,0.3060,0.4150,0.0545,4.5885,0.2015,0.8050,0.0000,15.3621,0.2443,0.5625,0.0182
accident (average),55.0000,0.5519,0.7684,210.6667,0.8282,400.0000,5.3044,5.4409,4.2072,1.0211,1.9628,18.6460,3.7001,2.9589,1.8808,1.4846,23.3556,6.6228,6.2539,5.1013,12.0596,4.5998,2.2776,8.3587,2.1185,2.9419,12.2546,3.3591,6.6099,2.1069,1.9324,26.4674,7.5249,4.1131,3.5517,11.7836,0.5422,0.5451,0.5301,0.5437,0.5447,0.5203,0.5433,0.5353,0.5451,0.5458,0.4497,0.5338,0.5339,0.5264,0.5401,0.1199,0.1026,0.0629,0.0326,0.0628,0.2369,0.0831,0.0954,0.0036,0.0436,0.1845,0.0988,0.0644,0.0271,0.1741,5.4394,0.3452,1.0000,0.1210,0.9255,0.0012,5.0000,0.1844,0.7772,0.0103,10.0000,0.2237,0.6442,0.0224,7.5693,0.1975,0.7121,0.0000,22.0131,0.3082,0.4148,0.0818,33.5175,0.4329,0.2660,0.2660,29.0324,0.3908,0.3247,0.1418,6.3899,0.1822,0.7345,0.0006,12.8679,0.2394,0.5783,0.0358
