Species,#Training samples,Regularized training gain,Unregularized training gain,Iterations,Training AUC,#Background points,bus_stop contribution,car_out_density contribution,cctv_car contribution,cctv_child contribution,hospital_log contribution,intersection_fourway contribution,intersection_single contribution,intersection_threeway contribution,led_density contribution,market_kde_density_log_weighted contribution,senior_facility contribution,silverzone contribution,streetlight contribution,bus_stop permutation importance,car_out_density permutation importance,cctv_car permutation importance,cctv_child permutation importance,hospital_log permutation importance,intersection_fourway permutation importance,intersection_single permutation importance,intersection_threeway permutation importance,led_density permutation importance,market_kde_density_log_weighted permutation importance,senior_facility permutation importance,silverzone permutation importance,streetlight permutation importance,Training gain without bus_stop,Training gain without car_out_density,Training gain without cctv_car,Training gain without cctv_child,Training gain without hospital_log,Training gain without intersection_fourway,Training gain without intersection_single,Training gain without intersection_threeway,Training gain without led_density,Training gain without market_kde_density_log_weighted,Training gain without senior_facility,Training gain without silverzone,Training gain without streetlight,Training gain with only bus_stop,Training gain with only car_out_density,Training gain with only cctv_car,Training gain with only cctv_child,Training gain with only hospital_log,Training gain with only intersection_fourway,Training gain with only intersection_single,Training gain with only intersection_threeway,Training gain with only led_density,Training gain with only market_kde_density_log_weighted,Training gain with only senior_facility,Training gain with only silverzone,Training gain with only streetlight,Entropy,Prevalence (average probability of presence over background sites),Fixed cumulative value 1 cumulative threshold,Fixed cumulative value 1 Cloglog threshold,Fixed cumulative value 1 area,Fixed cumulative value 1 training omission,Fixed cumulative value 5 cumulative threshold,Fixed cumulative value 5 Cloglog threshold,Fixed cumulative value 5 area,Fixed cumulative value 5 training omission,Fixed cumulative value 10 cumulative threshold,Fixed cumulative value 10 Cloglog threshold,Fixed cumulative value 10 area,Fixed cumulative value 10 training omission,Minimum training presence cumulative threshold,Minimum training presence Cloglog threshold,Minimum training presence area,Minimum training presence training omission,10 percentile training presence cumulative threshold,10 percentile training presence Cloglog threshold,10 percentile training presence area,10 percentile training presence training omission,Equal training sensitivity and specificity cumulative threshold,Equal training sensitivity and specificity Cloglog threshold,Equal training sensitivity and specificity area,Equal training sensitivity and specificity training omission,Maximum training sensitivity plus specificity cumulative threshold,Maximum training sensitivity plus specificity Cloglog threshold,Maximum training sensitivity plus specificity area,Maximum training sensitivity plus specificity training omission,"Balance training omission, predicted area and threshold value cumulative threshold","Balance training omission, predicted area and threshold value Cloglog threshold","Balance training omission, predicted area and threshold value area","Balance training omission, predicted area and threshold value training omission",Equate entropy of thresholded and original distributions cumulative threshold,Equate entropy of thresholded and original distributions Cloglog threshold,Equate entropy of thresholded and original distributions area,Equate entropy of thresholded and original distributions training omission
accident_0,55,0.6311,0.7810,140,0.7923,400,6.3240,18.0845,15.6692,1.1839,23.1095,7.1956,12.7076,3.8543,1.2364,5.6343,2.7351,0.0596,2.2060,0.0000,8.4646,25.9802,0.0000,2.6261,2.7483,29.2781,1.2703,3.8231,18.3950,0.0244,0.0733,7.3165,0.6308,0.6212,0.5481,0.6240,0.6240,0.5901,0.5393,0.6148,0.6231,0.5894,0.6214,0.6308,0.6134,0.1995,0.2218,0.1787,0.0007,0.3539,0.1680,0.2192,0.0121,0.0177,0.0842,0.0961,0.0009,0.0216,5.3605,0.3129,1.0000,0.1224,0.9350,0.0182,5.0000,0.1703,0.8075,0.0727,10.0000,0.1773,0.6675,0.1091,0.5121,0.0994,0.9575,0.0000,7.7910,0.1721,0.7300,0.0727,30.9780,0.3718,0.2575,0.2545,30.9780,0.3718,0.2575,0.2545,0.5121,0.0994,0.9575,0.0000,15.3958,0.1987,0.5300,0.1091
accident_1,55,0.7024,0.9515,180,0.8784,400,1.9464,0.1760,2.8471,3.0931,55.8769,7.2669,1.2123,2.1207,5.1237,4.1531,0.7812,15.4002,0.0026,7.1224,0.0000,6.0770,3.8433,42.5241,3.9937,2.3691,4.7157,5.0391,12.2217,1.3839,10.7100,0.0000,0.6784,0.6997,0.6808,0.6715,0.6280,0.6838,0.6954,0.6927,0.6807,0.6750,0.6954,0.6286,0.7023,0.1702,0.1185,0.1119,0.0007,0.4632,0.1838,0.1311,0.0049,0.1816,0.1211,0.0801,0.1635,0.0024,5.2888,0.2904,1.0000,0.0931,0.9475,0.0000,5.0000,0.1624,0.7900,0.0182,10.0000,0.1752,0.6600,0.0182,3.8447,0.1337,0.8275,0.0000,24.6895,0.2379,0.3250,0.0727,40.3102,0.5405,0.1625,0.1636,40.7038,0.5415,0.1600,0.1636,3.8447,0.1337,0.8275,0.0000,16.7111,0.1905,0.4950,0.0182
accident_2,55,0.5758,0.7812,220,0.8218,400,4.5353,19.4406,11.6203,0.3909,11.2116,1.9030,12.6495,3.4396,0.3696,29.0054,0.4959,0.0000,4.9382,8.5242,10.0089,4.3828,2.1109,0.5009,0.8408,18.9356,4.0519,0.5993,36.9589,0.7692,0.0000,12.3166,0.5393,0.5520,0.5178,0.5720,0.5752,0.5636,0.4919,0.5600,0.5741,0.4679,0.5687,0.5758,0.5420,0.1151,0.1754,0.1327,0.0003,0.2244,0.0716,0.1664,0.0121,0.0753,0.2019,0.0500,0.0093,0.0380,5.4156,0.3342,1.0000,0.1342,0.9200,0.0000,5.0000,0.1427,0.7675,0.0000,10.0000,0.1987,0.6125,0.0364,5.2421,0.1429,0.7600,0.0000,24.9320,0.3688,0.3600,0.0909,31.7124,0.4054,0.2825,0.2727,24.1202,0.3640,0.3700,0.0727,5.2421,0.1429,0.7600,0.0000,12.2844,0.2274,0.5600,0.0545
accident_3,55,0.7357,0.9118,200,0.8308,400,3.1560,0.6754,0.8098,3.2258,27.3806,0.0685,0.0654,0.0000,0.0000,43.2142,6.2789,14.6565,0.4688,4.3556,0.9166,0.2830,8.8527,32.9253,0.0000,1.5626,0.0000,0.0000,34.8939,6.6010,7.4685,2.1409,0.7029,0.7297,0.7255,0.7004,0.6211,0.7352,0.7349,0.7357,0.7357,0.5087,0.7088,0.6748,0.7307,0.0605,0.0516,0.0216,0.0094,0.2791,0.0276,0.0390,0.0002,0.0267,0.3624,0.1485,0.1635,0.0060,5.2557,0.2794,1.0000,0.0931,0.9375,0.0000,5.0000,0.1259,0.7700,0.0000,10.0000,0.1623,0.6200,0.0545,5.7062,0.1322,0.7475,0.0000,15.0859,0.1899,0.4950,0.0909,26.9626,0.3052,0.2850,0.2909,53.8470,0.7039,0.0850,0.4000,5.7062,0.1322,0.7475,0.0000,15.8629,0.1928,0.4775,0.1273
accident_4,55,0.6392,0.8834,240,0.8527,400,0.5884,1.6803,0.9496,1.3589,17.3274,0.0834,2.4080,0.9130,0.0000,45.1715,24.5201,0.0023,4.9970,0.0000,0.9930,2.0813,5.4973,18.8513,0.2304,7.7534,1.1757,0.0000,50.8182,6.9908,0.0000,5.6085,0.6380,0.6384,0.6300,0.6264,0.5913,0.6384,0.6217,0.6352,0.6392,0.3826,0.5784,0.6392,0.6091,0.0882,0.0769,0.0447,0.0278,0.2090,0.0128,0.0461,0.0000,0.0362,0.3416,0.2242,0.0093,0.0380,5.3518,0.3115,1.0000,0.0886,0.9025,0.0000,5.0000,0.1261,0.6975,0.0000,10.0000,0.2121,0.5600,0.0000,12.9096,0.2365,0.5000,0.0000,23.7470,0.3610,0.3350,0.0909,33.0574,0.4525,0.2375,0.2364,28.3178,0.4009,0.2850,0.1273,7.4756,0.1854,0.6200,0.0000,11.6715,0.2228,0.5250,0.0000
accident_5,55,0.4632,0.5879,120,0.7971,400,0.0122,0.9889,19.3722,0.0483,0.0000,21.6821,0.0000,0.5085,5.6166,22.9727,5.3785,19.0525,4.3676,0.5430,2.3114,14.1033,0.0000,0.0000,12.6357,0.0000,0.1614,5.8556,30.3566,6.5894,19.3205,8.1230,0.4631,0.4593,0.3855,0.4632,0.4632,0.3979,0.4632,0.4608,0.4293,0.3634,0.4544,0.3906,0.4439,0.0776,0.0516,0.1119,0.0003,0.0804,0.1334,0.0066,0.0002,0.0000,0.1478,0.0917,0.0979,0.0121,5.5280,0.3764,1.0000,0.1702,0.9425,0.0000,5.0000,0.2397,0.8275,0.0000,10.0000,0.2508,0.7175,0.0182,9.1997,0.2492,0.7350,0.0000,22.6637,0.3034,0.4675,0.0909,34.9400,0.4117,0.2900,0.2909,21.8061,0.3002,0.4825,0.0727,4.4063,0.2216,0.8425,0.0000,14.2409,0.2620,0.6275,0.0364
accident_6,55,0.4433,0.6949,240,0.8383,400,0.9273,3.9771,0.9365,2.5820,37.5877,16.2519,2.7308,0.0740,0.0202,11.3789,19.4047,0.2718,3.8570,7.9319,2.3803,3.6987,5.8438,11.2030,5.4019,7.0696,0.0356,0.7127,26.7460,17.5029,0.9835,10.4903,0.4336,0.4342,0.4357,0.4290,0.4280,0.3781,0.4201,0.4428,0.4431,0.3869,0.3931,0.4408,0.4198,0.1022,0.1083,0.0447,0.0007,0.2253,0.1691,0.0655,0.0020,0.0109,0.1147,0.1495,0.0093,0.0129,5.5480,0.3848,1.0000,0.0924,0.9275,0.0000,5.0000,0.2159,0.7675,0.0000,10.0000,0.2794,0.6625,0.0000,12.2738,0.2844,0.6200,0.0000,26.2346,0.3593,0.3825,0.0909,36.0682,0.5023,0.2650,0.2545,28.7299,0.3739,0.3475,0.1091,5.2414,0.2258,0.7625,0.0000,11.2348,0.2823,0.6400,0.0000
accident_7,55,0.4910,0.7111,160,0.8096,400,0.0988,16.9223,0.8263,0.0000,0.0000,21.3962,4.1457,0.3385,0.0001,39.8376,7.3271,2.5332,6.5741,0.0000,15.1012,0.3432,0.0000,0.0000,7.5686,10.0614,2.0322,0.0000,44.6441,2.6824,2.5199,15.0470,0.4910,0.4518,0.4867,0.4910,0.4910,0.4229,0.4664,0.4890,0.4910,0.3377,0.4682,0.4819,0.4466,0.0476,0.1310,0.0216,0.0000,0.1187,0.1502,0.0082,0.0000,0.0362,0.2074,0.0881,0.0246,0.0380,5.5004,0.3680,1.0000,0.1164,0.9100,0.0000,5.0000,0.2141,0.7700,0.0000,10.0000,0.2393,0.6475,0.0182,7.0325,0.2199,0.7175,0.0000,21.9204,0.3512,0.4325,0.0909,34.3472,0.4751,0.2900,0.2909,21.9204,0.3512,0.4325,0.0909,7.0325,0.2199,0.7175,0.0000,11.8377,0.2498,0.6100,0.0364
accident_8,55,0.5345,0.7226,140,0.8226,400,10.5180,0.4309,1.3151,0.0568,33.1138,7.7112,11.3453,5.7869,0.0020,8.8981,8.4568,0.5405,11.8245,4.5968,1.4224,4.3142,0.8666,23.4175,1.9216,10.2016,11.6522,0.0754,12.5283,3.7962,2.2890,22.9182,0.5179,0.5262,0.5275,0.5344,0.4859,0.5130,0.4975,0.5035,0.5345,0.4935,0.5143,0.5326,0.4814,0.1668,0.0381,0.0590,0.0117,0.3104,0.1179,0.1466,0.0235,0.0500,0.1054,0.1081,0.0246,0.0633,5.4569,0.3475,1.0000,0.1041,0.9000,0.0000,5.0000,0.2315,0.7600,0.0000,10.0000,0.2384,0.6500,0.0364,6.8421,0.2329,0.7200,0.0000,19.8565,0.2842,0.4575,0.0909,33.1039,0.3961,0.2675,0.2545,26.8764,0.3397,0.3450,0.1273,3.7288,0.1925,0.7900,0.0000,13.1506,0.2496,0.5850,0.0364
accident_9,55,0.5558,0.6706,160,0.8159,400,0.3825,0.0000,0.8464,2.7937,33.6055,0.0000,0.0000,0.0000,0.0000,48.2547,10.4880,2.1900,1.4391,0.6534,0.0000,3.6104,4.6747,30.7086,0.0000,0.0000,0.0000,0.0000,51.8052,4.0011,2.5192,2.0275,0.5494,0.5558,0.5498,0.5377,0.4828,0.5558,0.5558,0.5558,0.5558,0.3802,0.5181,0.5494,0.5481,0.0675,0.0698,0.0447,0.0007,0.2863,0.0613,0.0428,0.0002,0.0267,0.2984,0.1471,0.0450,0.0129,5.4356,0.3411,1.0000,0.0564,0.8950,0.0000,5.0000,0.1826,0.6825,0.0000,10.0000,0.2815,0.5750,0.0182,6.0433,0.2051,0.6575,0.0000,24.1520,0.3732,0.3700,0.0909,31.1082,0.4109,0.2900,0.2909,23.3526,0.3646,0.3800,0.0727,5.9433,0.2038,0.6600,0.0000,10.2103,0.2834,0.5725,0.0182
accident_10,55,0.3219,0.4283,160,0.7709,400,11.6464,2.0887,2.0392,0.3490,10.5107,7.2781,8.8292,0.0000,0.1858,26.4123,22.4265,5.9600,2.2740,0.0000,3.5120,2.4522,0.0000,4.1158,0.0000,8.8478,0.0000,1.6389,49.3530,15.7363,8.9957,5.3481,0.3219,0.3183,0.3142,0.3204,0.3206,0.3048,0.3064,0.3219,0.3210,0.2507,0.2930,0.3115,0.3144,0.1018,0.0595,0.0322,0.0003,0.1372,0.0743,0.0790,0.0002,0.0118,0.1252,0.1201,0.0450,0.0066,5.6696,0.4397,1.0000,0.1964,0.9625,0.0000,5.0000,0.2844,0.8575,0.0000,10.0000,0.2917,0.7500,0.0364,8.2184,0.2878,0.7900,0.0000,24.5944,0.3671,0.4775,0.0727,39.3566,0.5112,0.2925,0.2909,24.5944,0.3671,0.4775,0.0727,3.1861,0.2441,0.9000,0.0000,11.4251,0.2954,0.7225,0.0364
accident_11,55,0.4755,0.6939,200,0.8133,400,34.0536,0.2363,0.0000,3.4104,10.2794,13.2191,5.0101,0.2563,0.0000,19.2257,2.7409,7.2588,4.3094,14.3393,1.0810,0.0000,4.1365,0.0000,7.7727,17.7164,1.2240,0.0000,32.3059,0.6522,8.5053,12.2666,0.4473,0.4726,0.4755,0.4589,0.4755,0.4207,0.4283,0.4747,0.4755,0.4102,0.4723,0.4520,0.4515,0.1923,0.0845,0.0063,0.0000,0.2052,0.1307,0.1446,0.0000,0.0381,0.1536,0.0642,0.0696,0.0203,5.5162,0.3729,1.0000,0.1547,0.9475,0.0182,5.0000,0.1673,0.8025,0.0182,10.0000,0.2255,0.6600,0.0364,0.6747,0.1437,0.9600,0.0000,24.6830,0.3501,0.4050,0.0909,37.1722,0.4829,0.2550,0.2545,36.9069,0.4787,0.2575,0.2364,0.6747,0.1437,0.9600,0.0000,11.7844,0.2520,0.6200,0.0545
accident_12,55,0.4747,0.6263,180,0.8148,400,0.0000,10.1697,5.8402,0.4299,29.7766,4.3064,0.7221,1.6369,0.0000,29.7220,12.6678,0.6182,4.1102,0.0000,6.9163,12.4343,0.0000,19.1723,1.4640,4.2042,0.9666,0.0000,39.4707,8.9058,0.3848,6.0811,0.4747,0.4631,0.4519,0.4735,0.4548,0.4591,0.4704,0.4696,0.4747,0.3392,0.4439,0.4725,0.4555,0.0888,0.1246,0.0750,0.0000,0.2215,0.1011,0.0217,0.0000,0.0184,0.2001,0.1395,0.0246,0.0229,5.5174,0.3724,1.0000,0.1049,0.9275,0.0000,5.0000,0.2169,0.7675,0.0000,10.0000,0.2585,0.6575,0.0364,6.6401,0.2490,0.7300,0.0000,21.5482,0.3296,0.4475,0.0727,38.1621,0.5001,0.2425,0.2364,34.4367,0.4380,0.2775,0.1455,5.2120,0.2192,0.7625,0.0000,11.8685,0.2667,0.6200,0.0364
accident_13,55,0.5452,0.7297,220,0.8119,400,0.7004,30.4220,1.7026,0.0000,0.1752,4.1993,0.0367,11.1067,0.3732,32.8938,8.4195,7.7938,2.1767,0.8254,18.5837,5.9631,0.0000,1.9131,0.0000,1.8823,16.3080,0.8331,34.3208,4.3740,6.3103,8.6863,0.5409,0.4893,0.5294,0.5452,0.5448,0.5344,0.5448,0.4756,0.5416,0.3808,0.5209,0.5181,0.5302,0.0408,0.1995,0.0216,0.0000,0.1643,0.0872,0.0226,0.0409,0.0105,0.2072,0.0917,0.0696,0.0203,5.4462,0.3457,1.0000,0.1268,0.9100,0.0182,5.0000,0.2194,0.7900,0.0182,10.0000,0.2339,0.6775,0.0364,0.9438,0.1221,0.9125,0.0000,17.6075,0.2650,0.5225,0.0545,34.6410,0.4033,0.2725,0.2727,32.4878,0.3825,0.2975,0.2000,0.9438,0.1221,0.9125,0.0000,14.8888,0.2526,0.5775,0.0364
accident_14,55,0.5166,0.7375,260,0.8293,400,2.2312,6.5082,4.4086,3.4411,0.0000,34.9287,2.4119,0.1111,0.0000,27.9718,6.5173,6.7387,4.7315,7.4943,3.2610,9.3302,7.7542,0.0000,11.0487,5.9267,0.9557,0.0000,34.6634,5.8513,5.6752,8.0392,0.5045,0.5043,0.4794,0.4916,0.5166,0.4214,0.4989,0.5155,0.5166,0.3867,0.4988,0.4923,0.4813,0.0968,0.0972,0.0590,0.0037,0.1307,0.2044,0.0470,0.0000,0.0259,0.2049,0.0734,0.0450,0.0216,5.4752,0.3580,1.0000,0.0950,0.9175,0.0000,5.0000,0.2140,0.7775,0.0182,10.0000,0.2415,0.6650,0.0545,2.7673,0.1632,0.8375,0.0000,26.7403,0.3519,0.3625,0.0909,36.1607,0.4580,0.2550,0.2545,26.7403,0.3519,0.3625,0.0909,2.7673,0.1632,0.8375,0.0000,13.3575,0.2526,0.5950,0.0545
accident_15,55,0.5545,0.7112,200,0.8022,400,0.0662,5.3560,1.0703,1.0862,18.7807,0.9875,3.0588,4.1357,0.9202,47.7471,11.2139,0.0325,5.5450,1.0725,5.0576,4.8047,4.8570,1.0290,0.0000,6.1214,2.8340,0.0000,58.9641,6.6969,0.0349,8.5281,0.5536,0.5395,0.5428,0.5402,0.5543,0.5471,0.5312,0.5290,0.5502,0.3357,0.5188,0.5542,0.5203,0.0643,0.0983,0.0322,0.0007,0.1770,0.0716,0.0785,0.0121,0.0601,0.2741,0.1179,0.0009,0.0380,5.4372,0.3417,1.0000,0.1101,0.9100,0.0000,5.0000,0.1661,0.7525,0.0364,10.0000,0.2236,0.6175,0.0727,4.2301,0.1604,0.7775,0.0000,13.0353,0.2642,0.5550,0.0909,31.5374,0.4182,0.2900,0.2909,28.4173,0.3844,0.3225,0.1455,4.2301,0.1604,0.7775,0.0000,12.1295,0.2492,0.5725,0.0909
accident_16,55,0.5871,0.7497,220,0.7978,400,4.2770,0.0000,8.9888,1.9090,27.0518,25.0035,7.9711,1.5037,0.3740,16.4662,0.0000,0.0629,6.3921,7.9219,0.0000,9.9561,2.1597,6.1385,9.5708,16.7757,1.1829,0.7259,22.4482,0.0000,0.2509,22.8694,0.5554,0.5871,0.5295,0.5705,0.5754,0.5132,0.5264,0.5815,0.5864,0.4978,0.5871,0.5862,0.5442,0.1090,0.1089,0.1119,0.0007,0.2842,0.2273,0.1178,0.0049,0.1061,0.1380,0.0154,0.0093,0.0380,5.4040,0.3318,1.0000,0.1338,0.9225,0.0000,5.0000,0.1761,0.7975,0.0182,10.0000,0.2075,0.6675,0.0727,1.7676,0.1568,0.8975,0.0000,13.4806,0.2212,0.5875,0.0727,32.6073,0.3851,0.2725,0.2727,41.4717,0.5221,0.1900,0.3273,1.7676,0.1568,0.8975,0.0000,14.9718,0.2283,0.5550,0.1091
accident_17,55,0.5313,0.7038,220,0.8367,400,11.4951,0.7321,10.5190,1.1986,39.4150,4.6602,11.2548,0.4291,0.7732,5.3421,1.9955,6.1262,6.0590,1.2283,0.0000,11.1300,2.2203,11.1017,4.4218,21.3908,0.5197,2.3337,17.8477,6.1508,7.3035,14.3519,0.5311,0.5299,0.4887,0.5276,0.5154,0.5042,0.4623,0.5292,0.5252,0.4982,0.5250,0.5106,0.4936,0.2063,0.1180,0.1327,0.0000,0.3288,0.1021,0.2065,0.0054,0.0184,0.0909,0.0734,0.0696,0.0367,5.4600,0.3479,1.0000,0.1507,0.9325,0.0000,5.0000,0.1887,0.8100,0.0000,10.0000,0.2048,0.6750,0.0000,16.5497,0.2401,0.5250,0.0000,24.1815,0.2998,0.3800,0.0909,36.0250,0.4864,0.2375,0.2364,23.8792,0.2976,0.3850,0.0727,10.9609,0.2095,0.6525,0.0000,13.7215,0.2284,0.5875,0.0000
accident_18,55,0.7502,0.9456,160,0.8486,400,0.3988,0.5211,0.9018,2.1335,56.9318,15.7171,10.8845,0.0000,0.0000,7.9274,0.4060,2.0145,2.1635,3.1080,2.6890,2.5818,9.1485,23.3340,10.1812,15.6177,0.0000,0.0000,25.5651,0.3410,2.6598,4.7740,0.7441,0.7431,0.7374,0.7271,0.7129,0.6432,0.6457,0.7502,0.7502,0.6848,0.7447,0.7415,0.7342,0.2654,0.2017,0.0750,0.0007,0.4550,0.2656,0.2631,0.0000,0.0753,0.1519,0.0860,0.0450,0.0129,5.2415,0.2755,1.0000,0.0757,0.9300,0.0000,5.0000,0.1222,0.7375,0.0364,10.0000,0.1395,0.5650,0.0364,4.9354,0.1218,0.7400,0.0000,15.4989,0.1864,0.4175,0.0909,27.9129,0.3953,0.2375,0.2364,25.5959,0.3645,0.2575,0.1636,4.9354,0.1218,0.7400,0.0000,13.3537,0.1640,0.4700,0.0364
accident_19,55,0.7969,0.9598,200,0.8388,400,4.4354,2.2803,0.0254,3.4151,46.3850,0.5637,4.4330,14.0048,0.1034,5.4369,14.4003,0.1332,4.3835,0.0000,0.1024,0.0000,0.0000,30.9477,0.0000,1.6975,42.7280,0.0000,8.4193,6.0479,0.0000,10.0572,0.7969,0.7969,0.7963,0.7758,0.7349,0.7923,0.7598,0.7025,0.7966,0.7515,0.7447,0.7941,0.7673,0.2364,0.1984,0.0129,0.0181,0.4964,0.1168,0.2171,0.1066,0.0319,0.0808,0.2078,0.0009,0.0633,5.1945,0.2613,1.0000,0.0955,0.8325,0.0000,5.0000,0.1605,0.7075,0.0545,10.0000,0.1729,0.5850,0.0909,1.4236,0.1097,0.8175,0.0000,20.4043,0.2194,0.3650,0.0909,27.3533,0.2738,0.2550,0.2545,20.4043,0.2194,0.3650,0.0909,1.4236,0.1097,0.8175,0.0000,16.0454,0.1925,0.4500,0.0909
accident_20,55,0.4545,0.6027,200,0.7949,400,0.5359,17.2376,0.3457,1.4307,27.6404,2.8927,0.5352,0.0607,4.6325,13.4738,23.5137,0.0000,7.7011,2.5560,15.7808,2.2253,7.3499,8.7614,0.0000,6.4344,0.3561,5.8240,13.7335,21.5666,0.0000,15.4120,0.4521,0.4263,0.4527,0.4446,0.4515,0.4475,0.4501,0.4543,0.4433,0.4145,0.3785,0.4545,0.4231,0.1170,0.1638,0.0322,0.0000,0.2357,0.1001,0.0660,0.0000,0.0764,0.1101,0.1709,0.0093,0.0380,5.5368,0.3804,1.0000,0.1733,0.9325,0.0000,5.0000,0.2467,0.8175,0.0000,10.0000,0.2613,0.7100,0.0727,9.3846,0.2603,0.7250,0.0000,19.2082,0.2933,0.5300,0.0909,36.6496,0.4341,0.2725,0.2727,39.1083,0.4831,0.2450,0.2727,4.2887,0.2234,0.8350,0.0000,13.8698,0.2697,0.6325,0.0909
accident_21,55,0.5008,0.7374,180,0.8194,400,0.0669,12.1296,4.3112,5.8542,2.7890,0.1087,4.5185,0.0000,5.3422,51.7422,8.8847,4.2529,0.0000,0.0000,0.3458,3.4483,9.4900,0.0288,0.5091,7.9339,0.0000,7.3576,62.5876,6.0705,2.2284,0.0000,0.5007,0.4957,0.4859,0.4661,0.4922,0.5004,0.4744,0.5008,0.4798,0.3027,0.4706,0.4939,0.5008,0.0875,0.1035,0.0590,0.0094,0.1711,0.0080,0.0398,0.0002,0.0611,0.2690,0.0860,0.0450,0.0008,5.4907,0.3599,1.0000,0.1258,0.9475,0.0000,5.0000,0.1640,0.7900,0.0000,10.0000,0.1954,0.6350,0.0727,6.2183,0.1678,0.7500,0.0000,22.6736,0.3575,0.3800,0.0909,35.6621,0.5369,0.2500,0.2545,30.6784,0.4783,0.2900,0.1455,6.2183,0.1678,0.7500,0.0000,11.1109,0.2065,0.6050,0.0909
accident_22,55,0.6298,0.7556,120,0.8298,400,0.1634,0.0452,1.6177,0.7708,38.8229,7.1896,5.3753,2.4247,1.4980,36.3901,5.6141,0.0000,0.0881,0.2212,0.0000,5.4100,0.7656,11.2368,0.0000,5.3845,4.5764,0.0170,70.1429,1.8544,0.0000,0.3913,0.6285,0.6296,0.6142,0.6244,0.5974,0.6023,0.5959,0.6145,0.6298,0.4697,0.6125,0.6298,0.6273,0.1509,0.0501,0.0750,0.0000,0.3554,0.1858,0.1489,0.0049,0.0896,0.2882,0.1050,0.0093,0.0066,5.3618,0.3141,1.0000,0.0655,0.9175,0.0000,5.0000,0.1403,0.6925,0.0000,10.0000,0.2273,0.5650,0.0364,5.5616,0.1507,0.6750,0.0000,17.9956,0.2800,0.4200,0.0909,30.7442,0.3927,0.2550,0.2545,32.4764,0.4233,0.2375,0.2545,5.5616,0.1507,0.6750,0.0000,11.7177,0.2366,0.5325,0.0364
accident_23,55,0.5600,0.7328,140,0.8227,400,10.7575,0.4196,0.0073,0.4502,20.3399,0.0000,1.0012,1.0606,3.1347,59.8185,0.3058,1.8534,0.8512,2.2965,0.5313,0.0450,0.0630,27.0983,0.0000,0.0000,0.8736,0.0000,66.4715,0.5223,1.5310,0.5674,0.5484,0.5543,0.5600,0.5582,0.5096,0.5600,0.5594,0.5569,0.5526,0.3077,0.5578,0.5571,0.5559,0.1576,0.0264,0.0129,0.0189,0.2063,0.0596,0.0668,0.0000,0.0919,0.3792,0.0363,0.0450,0.0066,5.4312,0.3396,1.0000,0.1209,0.9525,0.0000,5.0000,0.1441,0.7900,0.0182,10.0000,0.1972,0.6350,0.0364,4.4919,0.1386,0.8100,0.0000,20.3379,0.3093,0.4300,0.0909,33.5173,0.4136,0.2625,0.2545,24.3563,0.3457,0.3700,0.1091,4.4919,0.1386,0.8100,0.0000,12.7952,0.2282,0.5700,0.0364
accident_24,55,0.3229,0.4480,160,0.7949,400,0.7235,0.0000,1.3154,2.4565,31.3048,0.1166,8.3158,2.3283,0.0024,32.7959,2.2737,13.8542,4.5128,0.3016,0.0000,2.0156,6.5617,16.6323,0.0000,4.9286,8.3125,0.1030,42.5040,2.2731,10.5046,5.8629,0.3227,0.3229,0.3209,0.3162,0.3028,0.3224,0.3091,0.3160,0.3229,0.2462,0.3205,0.3059,0.3042,0.0707,0.0282,0.0001,0.0278,0.1465,0.0282,0.1012,0.0011,0.0177,0.1359,0.0584,0.0696,0.0203,5.6686,0.4413,1.0000,0.1418,0.9400,0.0000,5.0000,0.2567,0.8125,0.0000,10.0000,0.3129,0.7000,0.0182,6.9144,0.2690,0.7675,0.0000,29.1323,0.4524,0.4175,0.0909,43.4737,0.5444,0.2675,0.2545,26.7176,0.4304,0.4475,0.0364,4.0976,0.2503,0.8350,0.0000,8.9831,0.2936,0.7225,0.0182
accident_25,55,0.6427,0.8262,140,0.8528,400,0.3309,12.3112,2.2206,0.0000,60.7040,11.4983,3.2383,0.0492,3.8365,3.1029,0.0000,2.3436,0.3645,2.0896,6.6920,4.6110,0.0000,52.8538,6.5020,2.8754,0.0518,0.7599,13.4444,0.0000,6.2343,3.8857,0.6383,0.6069,0.6224,0.6427,0.5608,0.5832,0.6160,0.6422,0.6393,0.6210,0.6427,0.6286,0.6393,0.1889,0.2703,0.1119,0.0061,0.4547,0.2449,0.1439,0.0054,0.1626,0.0804,0.0367,0.0450,0.0038,5.3488,0.3082,1.0000,0.1282,0.9575,0.0000,5.0000,0.1352,0.8100,0.0000,10.0000,0.1457,0.6350,0.0000,12.2862,0.1516,0.5625,0.0000,20.9859,0.2725,0.3400,0.0909,30.4233,0.4607,0.2400,0.2364,25.5547,0.3939,0.2850,0.1455,12.2862,0.1516,0.5625,0.0000,13.4871,0.1570,0.5250,0.0182
accident_26,55,0.4644,0.5911,160,0.8158,400,1.1961,0.0000,0.0000,1.8404,41.7942,8.6778,2.2062,0.0000,5.2671,14.2566,2.6354,20.2928,1.8336,5.3165,0.0000,0.0000,3.5714,23.8517,11.9078,5.3436,0.0000,1.1121,25.7233,0.8680,10.9222,11.3834,0.4507,0.4644,0.4644,0.4551,0.4418,0.4450,0.4515,0.4644,0.4598,0.4106,0.4553,0.4171,0.4547,0.0985,0.1089,0.0063,0.0000,0.2527,0.1323,0.0809,0.0002,0.0919,0.1500,0.0702,0.1293,0.0121,5.5270,0.3820,1.0000,0.1722,0.9575,0.0000,5.0000,0.2359,0.8450,0.0182,10.0000,0.2566,0.7375,0.0182,3.6293,0.2122,0.8800,0.0000,26.0696,0.3319,0.4375,0.0727,39.6736,0.4407,0.2575,0.2545,26.0696,0.3319,0.4375,0.0727,3.6293,0.2122,0.8800,0.0000,15.3547,0.2722,0.6275,0.0182
accident_27,55,0.5482,0.7262,180,0.8082,400,5.0638,1.9778,0.0000,0.0000,16.8860,27.1944,1.0915,0.0000,0.0000,25.8403,0.3942,18.5979,2.9540,7.9732,2.1810,0.0000,0.0000,12.4975,14.3031,1.3897,0.0000,0.0000,45.3033,0.0000,13.1264,3.2258,0.5360,0.5469,0.5482,0.5482,0.5423,0.4651,0.5398,0.5482,0.5482,0.4599,0.5455,0.4746,0.5296,0.1391,0.1322,0.0129,0.0061,0.2464,0.2233,0.0728,0.0002,0.0907,0.2080,0.0175,0.1293,0.0121,5.4430,0.3497,1.0000,0.0762,0.9225,0.0000,5.0000,0.2143,0.7500,0.0000,10.0000,0.2752,0.6525,0.0182,7.3915,0.2653,0.7025,0.0000,22.3974,0.3237,0.4525,0.0909,34.9318,0.4019,0.2900,0.2909,22.2282,0.3232,0.4550,0.0727,4.6826,0.2029,0.7600,0.0000,14.4671,0.2913,0.5775,0.0182
accident_28,55,0.6160,0.8775,160,0.8522,400,5.3898,1.1009,24.7313,2.1832,0.0000,0.4612,2.6829,0.1078,7.6504,47.1857,3.3468,2.2248,2.9352,14.7192,1.4272,16.3553,3.5623,0.0000,0.3887,3.5855,1.0675,2.2627,45.4398,2.8777,1.6535,6.6605,0.5428,0.6127,0.4827,0.5932,0.6160,0.6134,0.5882,0.6155,0.5743,0.3967,0.5907,0.6020,0.5866,0.0364,0.0731,0.1787,0.0003,0.1005,0.0036,0.0655,0.0000,0.1050,0.2956,0.0585,0.0246,0.0216,5.3756,0.3189,1.0000,0.1082,0.9125,0.0000,5.0000,0.1288,0.7475,0.0000,10.0000,0.1777,0.5775,0.0000,12.7144,0.2175,0.5100,0.0000,27.9546,0.4327,0.2900,0.0909,31.3084,0.4684,0.2600,0.2727,27.6923,0.4265,0.2925,0.0727,12.7144,0.2175,0.5100,0.0000,11.5384,0.1982,0.5400,0.0000
accident_29,55,0.4292,0.5750,240,0.7806,400,0.5859,4.5025,18.1511,0.0092,12.3852,2.1978,5.2292,0.9756,0.0000,40.8748,0.0000,9.6371,5.4515,5.5654,4.8476,12.0164,0.0932,2.0602,4.9688,7.2248,3.7755,0.0000,49.4080,0.0000,1.1560,8.8841,0.4168,0.4176,0.3741,0.4292,0.4283,0.4195,0.3966,0.4186,0.4292,0.2983,0.4292,0.4012,0.3960,0.0611,0.0843,0.1119,0.0061,0.1386,0.0478,0.0865,0.0240,0.0362,0.1882,0.0161,0.0696,0.0229,5.5622,0.3909,1.0000,0.1691,0.9375,0.0000,5.0000,0.1846,0.8050,0.0000,10.0000,0.2243,0.6600,0.0545,5.8723,0.1878,0.7800,0.0000,12.2718,0.2480,0.6075,0.0909,34.9108,0.4905,0.2900,0.2909,27.1047,0.4189,0.3700,0.1455,5.8723,0.1878,0.7800,0.0000,10.4770,0.2307,0.6500,0.0545
accident (average),55.0000,0.5498,0.7285,183.3333,0.8198,400.0000,4.0869,5.6805,4.7796,1.5700,24.3729,8.4920,4.5357,1.9076,1.5487,26.7716,7.1207,5.4834,3.6504,3.6919,3.8202,5.6551,3.1141,13.8510,3.9460,7.7504,3.6942,1.3024,35.9161,4.7043,4.4454,8.1088,0.5384,0.5397,0.5253,0.5386,0.5246,0.5193,0.5214,0.5390,0.5441,0.4349,0.5291,0.5314,0.5282,0.1202,0.1125,0.0644,0.0050,0.2486,0.1170,0.0981,0.0087,0.0560,0.1905,0.0943,0.0501,0.0224,5.4416,0.3459,1.0000,0.1199,0.9263,0.0018,5.0000,0.1859,0.7767,0.0109,10.0000,0.2229,0.6467,0.0370,6.4074,0.1904,0.7464,0.0000,21.0625,0.3052,0.4393,0.0860,34.1604,0.4390,0.2627,0.2612,29.2524,0.3991,0.3256,0.1455,4.9692,0.1770,0.7780,0.0000,12.9982,0.2375,0.5792,0.0455
